Bank Name,City,State,Cert,Acquiring Institution,Closing Date,Fund
Bank of Honolulu,Honolulu,Hawaii,21029,Bank of the Orient,2000-10-13,4645
The National State Bank of Metropolis,Metropolis,Illinois,3815,Banterra Bank of Marion,2000-12-14,4646
First Alliance Bank & Trust Co.,Manchester,New Hampshire,34264,Southern New Hampshire Bank & Trust,2001-02-02,4647
Malta National Bank,Malta,Ohio,6629,North Valley Bank,2001-05-03,4648
"Superior Bank, FSB",Hinsdale,Illinois,32646,"Superior Federal, FSB",2001-07-27,6004
Sinclair National Bank,Gravette,Arkansas,34248,Delta Trust & Bank,2001-09-07,4649
"Hamilton Bank, N.A.",Miami,Florida,24382,Israel Discount Bank of New York,2002-01-11,4650
Bank of Sierra Blanca,Sierra Blanca,Texas,22002,The Security State Bank of Pecos,2002-01-18,4651
Oakwood Deposit Bank Co.,Oakwood,Ohio,8966,The State Bank & Trust Company,2002-02-01,4652
"NextBank, NA",Phoenix,Arizona,22314,No Acquirer,2002-02-07,4653
Net First National Bank,Boca Raton,Florida,26652,Bank Leumi USA,2002-03-01,4654
New Century Bank,Shelby Township,Michigan,34979,No Acquirer,2002-03-28,4655
Connecticut Bank of Commerce,Stamford,Connecticut,19183,Hudson United Bank,2002-06-26,4656
Universal Federal Savings Bank,Chicago,Illinois,29355,Chicago Community Bank,2002-06-27,6005
AmTrade International Bank,Atlanta,Georgia,33784,No Acquirer,2002-09-30,4657
Bank of Alamo,Alamo,Tennessee,9961,No Acquirer,2002-11-08,4658
Farmers Bank & Trust of Cheneyville,Cheneyville,Louisiana,16445,Sabine State Bank & Trust,2002-12-17,4659
Southern Pacific Bank,Torrance,California,27094,Beal Bank,2003-02-07,4660
First National Bank of Blanchardville,Blanchardville,Wisconsin,11639,The Park Bank,2003-05-09,4661
Pulaski Savings Bank,Philadelphia,Pennsylvania,27203,Earthstar Bank,2003-11-14,4662
Dollar Savings Bank,Newark,New Jersey,31330,No Acquirer,2004-02-14,6006
Guaranty National Bank of Tallahassee,Tallahassee,Florida,26838,Hancock Bank of Florida,2004-03-12,4663
Reliance Bank,White Plains,New York,26778,Union State Bank,2004-03-19,4664
Bank of Ephraim,Ephraim,Utah,1249,Far West Bank,2004-06-25,4665
Metropolitan Savings Bank,Pittsburgh,Pennsylvania,35353,Allegheny Valley Bank of Pittsburgh,2007-02-02,10000
NetBank,Alpharetta,Georgia,32575,ING DIRECT,2007-09-28,10001
Miami Valley Bank,Lakeview,Ohio,16848,The Citizens Banking Company,2007-10-04,10002
Douglass National Bank,Kansas City,Missouri,24660,Liberty Bank and Trust Company,2008-01-25,10003
Hume Bank,Hume,Missouri,1971,Security Bank,2008-03-07,10004
"ANB Financial, NA",Bentonville,Arkansas,33901,Pulaski Bank and Trust Company,2008-05-09,10005
"First Integrity Bank, NA",Staples,Minnesota,12736,First International Bank and Trust,2008-05-30,10006
IndyMac Bank,Pasadena,California,29730,"OneWest Bank, FSB",2008-07-11,10007
First National Bank of Nevada,Reno,Nevada,27011,Mutual of Omaha Bank,2008-07-25,10008
"First Heritage Bank, NA",Newport Beach,California,57961,Mutual of Omaha Bank,2008-07-25,10009
First Priority Bank,Bradenton,Florida,57523,SunTrust Bank,2008-08-01,10010
The Columbian Bank and Trust Company,Topeka,Kansas,22728,Citizens Bank & Trust,2008-08-22,10011
Integrity Bank,Alpharetta,Georgia,35469,Regions Bank,2008-08-29,10012
Silver State Bank,Henderson,Nevada,34194,Nevada State Bank,2008-09-05,10013
Ameribank,Northfork,West Virginia,6782,"The Citizens Savings Bank ********** Pioneer Community Bank, Inc.",2008-09-19,10014
Washington Mutual Bank (Including its subsidiary Washington Mutual Bank FSB),Henderson,Nevada,32633,JP Morgan Chase Bank,2008-09-25,10015
Meridian Bank,Eldred,Illinois,13789,National Bank,2008-10-10,10017
Main Street Bank,Northville,Michigan,57654,Monroe Bank & Trust,2008-10-10,10016
Alpha Bank & Trust,Alpharetta,Georgia,58241,"Stearns Bank, N.A.",2008-10-24,10018
Freedom Bank,Bradenton,Florida,57930,Fifth Third Bank,2008-10-31,10019
Security Pacific Bank,Los Angeles,California,23595,Pacific Western Bank,2008-11-07,10020
"Franklin Bank, SSB",Houston,Texas,26870,Prosperity Bank,2008-11-07,10021
The Community Bank,Loganville,Georgia,16490,Bank of Essex,2008-11-21,10022
"Downey Savings and Loan Association, F.A.",Newport Beach,California,30968,"U.S. Bank, N.A.",2008-11-21,10023
PFF Bank & Trust,Pomona,California,28344,"U.S. Bank, N.A.",2008-11-21,10024
First Georgia Community Bank,Jackson,Georgia,34301,United Bank,2008-12-05,10025
Sanderson State Bank,Sanderson,Texas,11568,The Pecos County State Bank,2008-12-12,10026
Haven Trust Bank,Duluth,Georgia,35379,"Branch Banking & Trust Company, (BB&T)",2008-12-12,10027
National Bank of Commerce,Berkeley,Illinois,19733,Republic Bank of Chicago,2009-01-16,10028
Bank of Clark County,Vancouver,Washington,34959,Umpqua Bank,2009-01-16,10029
1st Centennial Bank,Redlands,California,33025,First California Bank,2009-01-23,10030
Suburban Federal Savings Bank,Crofton,Maryland,30763,Bank of Essex,2009-01-30,10033
MagnetBank,Salt Lake City,Utah,58001,No Acquirer,2009-01-30,10031
Ocala National Bank,Ocala,Florida,26538,"CenterState Bank of Florida, N.A.",2009-01-30,10032
County Bank,Merced,California,22574,Westamerica Bank,2009-02-06,10034
Alliance Bank,Culver City,California,23124,California Bank & Trust,2009-02-06,10035
FirstBank Financial Services,McDonough,Georgia,57017,Regions Bank,2009-02-06,10036
Corn Belt Bank and Trust Company,Pittsfield,Illinois,16500,The Carlinville National Bank,2009-02-13,10037
Riverside Bank of the Gulf Coast,Cape Coral,Florida,34563,TIB Bank,2009-02-13,10038
Sherman County Bank,Loup City,Nebraska,5431,Heritage Bank,2009-02-13,10039
Pinnacle Bank,Beaverton,Oregon,57342,Washington Trust Bank of Spokane,2009-02-13,10040
Silver Falls Bank,Silverton,Oregon,35399,Citizens Bank,2009-02-20,10041
Security Savings Bank,Henderson,Nevada,34820,Bank of Nevada,2009-02-27,10043
Heritage Community Bank,Glenwood,Illinois,20078,"MB Financial Bank, N.A.",2009-02-27,10042
Freedom Bank of Georgia,Commerce,Georgia,57558,Northeast Georgia Bank,2009-03-06,10044
Colorado National Bank,Colorado Springs,Colorado,18896,Herring Bank,2009-03-20,10045
"TeamBank, N.A.",Paola,Kansas,4754,Great Southern Bank,2009-03-20,10046
FirstCity Bank,Stockbridge,Georgia,18243,No Acquirer,2009-03-20,10047
Omni National Bank,Atlanta,Georgia,22238,No Acquirer,2009-03-27,10048
New Frontier Bank,Greeley,Colorado,34881,No Acquirer,2009-04-10,10050
Cape Fear Bank,Wilmington,North Carolina,34639,First Federal Savings and Loan Association,2009-04-10,10049
Great Basin Bank of Nevada,Elko,Nevada,33824,Nevada State Bank,2009-04-17,10051
American Sterling Bank,Sugar Creek,Missouri,8266,Metcalf Bank,2009-04-17,10052
American Southern Bank,Kennesaw,Georgia,57943,Bank of North Georgia,2009-04-24,10053
First Bank of Beverly Hills,Calabasas,California,32069,No Acquirer,2009-04-24,10054
First Bank of Idaho,Ketchum,Idaho,34396,"U.S. Bank, N.A.",2009-04-24,10055
Michigan Heritage Bank,Farmington Hills,Michigan,34369,Level One Bank,2009-04-24,10056
America West Bank,Layton,Utah,35461,Cache Valley Bank,2009-05-01,10057
Citizens Community Bank,Ridgewood,New Jersey,57563,North Jersey Community Bank,2009-05-01,10058
"Silverton Bank, NA",Atlanta,Georgia,26535,No Acquirer,2009-05-01,10059
Westsound Bank,Bremerton,Washington,34843,Kitsap Bank,2009-05-08,10060
"BankUnited, FSB",Coral Gables,Florida,32247,BankUnited,2009-05-21,10061
Citizens National Bank,Macomb,Illinois,5757,Morton Community Bank,2009-05-22,10063
Strategic Capital Bank,Champaign,Illinois,35175,Midland States Bank,2009-05-22,10062
Bank of Lincolnwood,Lincolnwood,Illinois,17309,Republic Bank of Chicago,2009-06-05,10064
Cooperative Bank,Wilmington,North Carolina,27837,First Bank,2009-06-19,10065
First National Bank of Anthony,Anthony,Kansas,4614,Bank of Kansas,2009-06-19,10066
Southern Community Bank,Fayetteville,Georgia,35251,United Community Bank,2009-06-19,10067
Mirae Bank,Los Angeles,California,57332,Wilshire State Bank,2009-06-26,10072
MetroPacific Bank,Irvine,California,57893,Sunwest Bank,2009-06-26,10071
Horizon Bank,Pine City,Minnesota,9744,"Stearns Bank, N.A.",2009-06-26,10070
Neighborhood Community Bank,Newnan,Georgia,35285,CharterBank,2009-06-26,10069
Community Bank of West Georgia,Villa Rica,Georgia,57436,No Acquirer,2009-06-26,10068
The Elizabeth State Bank,Elizabeth,Illinois,9262,Galena State Bank and Trust Company,2009-07-02,10073
Founders Bank,Worth,Illinois,18390,The PrivateBank and Trust Company,2009-07-02,10074
Rock River Bank,Oregon,Illinois,15302,The Harvard State Bank,2009-07-02,10075
The John Warner Bank,Clinton,Illinois,12093,State Bank of Lincoln,2009-07-02,10076
First State Bank of Winchester,Winchester,Illinois,11710,The First National Bank of Beardstown,2009-07-02,10077
First National Bank of Danville,Danville,Illinois,3644,"First Financial Bank, N.A.",2009-07-02,10078
Millennium State Bank of Texas,Dallas,Texas,57667,State Bank of Texas,2009-07-02,10079
Bank of Wyoming,Thermopolis,Wyoming,22754,Central Bank & Trust,2009-07-10,10080
Temecula Valley Bank,Temecula,California,34341,First-Citizens Bank & Trust Company,2009-07-17,10082
"Vineyard Bank, National Association",Rancho Cucamonga,California,23556,California Bank & Trust,2009-07-17,10083
First Piedmont Bank,Winder,Georgia,34594,First American Bank and Trust Company,2009-07-17,10084
BankFirst,Sioux Falls,South Dakota,34103,"Alerus Financial, N.A.",2009-07-17,10081
Waterford Village Bank,Williamsville,New York,58065,"Evans Bank, N.A.",2009-07-24,10091
Security Bank of North Metro,Woodstock,Georgia,57105,State Bank and Trust Company,2009-07-24,10090
Security Bank of North Fulton,Alpharetta,Georgia,57430,State Bank and Trust Company,2009-07-24,10089
Security Bank of Gwinnett County,Suwanee,Georgia,57346,State Bank and Trust Company,2009-07-24,10086
Security Bank of Houston County,Perry,Georgia,27048,State Bank and Trust Company,2009-07-24,10087
Security Bank of Jones County,Gray,Georgia,8486,State Bank and Trust Company,2009-07-24,10088
Security Bank of Bibb County,Macon,Georgia,27367,State Bank and Trust Company,2009-07-24,10085
First State Bank of Altus,Altus,Oklahoma,9873,Herring Bank,2009-07-31,10093
Mutual Bank,Harvey,Illinois,18659,United Central Bank,2009-07-31,10094
Integrity Bank,Jupiter,Florida,57604,Stonegate Bank,2009-07-31,10095
Peoples Community Bank,West Chester,Ohio,32288,"First Financial Bank, N.A.",2009-07-31,10096
First BankAmericano,Elizabeth,New Jersey,34270,Crown Bank,2009-07-31,10097
First State Bank,Sarasota,Florida,27364,"Stearns Bank, N.A.",2009-08-07,10098
Community National Bank of Sarasota County,Venice,Florida,27183,"Stearns Bank, N.A.",2009-08-07,10099
Community First Bank,Prineville,Oregon,23268,Home Federal Bank,2009-08-07,10092
Community Bank of Nevada,Las Vegas,Nevada,34043,No Acquirer,2009-08-14,10100
Community Bank of Arizona,Phoenix,Arizona,57645,MidFirst Bank,2009-08-14,10101
"Union Bank, National Association",Gilbert,Arizona,34485,MidFirst Bank,2009-08-14,10102
Colonial Bank,Montgomery,Alabama,9609,"Branch Banking & Trust Company, (BB&T)",2009-08-14,10103
Dwelling House Savings and Loan Association,Pittsburgh,Pennsylvania,31559,"PNC Bank, N.A.",2009-08-14,10104
First Coweta Bank,Newnan,Georgia,57702,United Bank,2009-08-21,10108
CapitalSouth Bank,Birmingham,Alabama,22130,IBERIABANK,2009-08-21,10106
ebank,Atlanta,Georgia,34682,"Stearns Bank, N.A.",2009-08-21,10107
Guaranty Bank,Austin,Texas,32618,BBVA Compass,2009-08-21,10105
Bradford Bank,Baltimore,Maryland,28312,Manufacturers and Traders Trust Company (M&T Bank),2009-08-28,10109
Affinity Bank,Ventura,California,27197,Pacific Western Bank,2009-08-28,10110
Mainstreet Bank,Forest Lake,Minnesota,1909,Central Bank,2009-08-28,10111
First Bank of Kansas City,Kansas City,Missouri,25231,Great American Bank,2009-09-04,10112
InBank,Oak Forest,Illinois,20203,"MB Financial Bank, N.A.",2009-09-04,10113
First State Bank,Flagstaff,Arizona,34875,Sunwest Bank,2009-09-04,10114
Platinum Community Bank,Rolling Meadows,Illinois,35030,No Acquirer,2009-09-04,10115
Vantus Bank,Sioux City,Iowa,27732,Great Southern Bank,2009-09-04,10116
Venture Bank,Lacey,Washington,22868,First-Citizens Bank & Trust Company,2009-09-11,10119
"Corus Bank, N.A.",Chicago,Illinois,13693,"MB Financial Bank, N.A.",2009-09-11,10117
Brickwell Community Bank,Woodbury,Minnesota,57736,CorTrust Bank N.A.,2009-09-11,10118
"Irwin Union Bank, F.S.B.",Louisville,Kentucky,57068,"First Financial Bank, N.A.",2009-09-18,10121
Irwin Union Bank and Trust Company,Columbus,Indiana,10100,"First Financial Bank, N.A.",2009-09-18,10120
Georgian Bank,Atlanta,Georgia,57151,"First Citizens Bank and Trust Company, Inc.",2009-09-25,10122
Jennings State Bank,Spring Grove,Minnesota,11416,Central Bank,2009-10-02,10124
Southern Colorado National Bank,Pueblo,Colorado,57263,Legacy Bank,2009-10-02,10123
Warren Bank,Warren,Michigan,34824,The Huntington National Bank,2009-10-02,10125
San Joaquin Bank,Bakersfield,California,23266,Citizens Business Bank,2009-10-16,10126
American United Bank,Lawrenceville,Georgia,57794,Ameris Bank,2009-10-23,10127
First DuPage Bank,Westmont,Illinois,35038,First Midwest Bank,2009-10-23,10128
Flagship National Bank,Bradenton,Florida,35044,First Federal Bank of Florida,2009-10-23,10129
Partners Bank,Naples,Florida,57959,Stonegate Bank,2009-10-23,10130
Hillcrest Bank Florida,Naples,Florida,58336,Stonegate Bank,2009-10-23,10131
Bank of Elmwood,Racine,Wisconsin,18321,Tri City National Bank,2009-10-23,10132
Riverview Community Bank,Otsego,Minnesota,57525,Central Bank,2009-10-23,10133
Madisonville State Bank,Madisonville,Texas,33782,U.S. Bank N.A.,2009-10-30,10142
Citizens National Bank,Teague,Texas,25222,U.S. Bank N.A.,2009-10-30,10141
Pacific National Bank,San Francisco,California,30006,U.S. Bank N.A.,2009-10-30,10139
Park National Bank,Chicago,Illinois,11677,U.S. Bank N.A.,2009-10-30,10140
Community Bank of Lemont,Lemont,Illinois,35291,U.S. Bank N.A.,2009-10-30,10137
"Bank USA, N.A.",Phoenix,Arizona,32218,U.S. Bank N.A.,2009-10-30,10136
San Diego National Bank,San Diego,California,23594,U.S. Bank N.A.,2009-10-30,10135
California National Bank,Los Angeles,California,34659,U.S. Bank N.A.,2009-10-30,10134
North Houston Bank,Houston,Texas,18776,U.S. Bank N.A.,2009-10-30,10138
Prosperan Bank,Oakdale,Minnesota,35074,"Alerus Financial, N.A.",2009-11-06,10143
Home Federal Savings Bank,Detroit,Michigan,30329,Liberty Bank and Trust Company,2009-11-06,10144
United Security Bank,Sparta,Georgia,22286,Ameris Bank,2009-11-06,10145
Gateway Bank of St. Louis,St. Louis,Missouri,19450,Central Bank of Kansas City,2009-11-06,10146
United Commercial Bank,San Francisco,California,32469,East West Bank,2009-11-06,10147
"Century Bank, F.S.B.",Sarasota,Florida,32267,IBERIABANK,2009-11-13,10148
Orion Bank,Naples,Florida,22427,IBERIABANK,2009-11-13,10149
Pacific Coast National Bank,San Clemente,California,57914,Sunwest Bank,2009-11-13,10150
Commerce Bank of Southwest Florida,Fort Myers,Florida,58016,Central Bank,2009-11-20,10151
Greater Atlantic Bank,Reston,Virginia,32583,Sonabank,2009-12-04,10156
AmTrust Bank,Cleveland,Ohio,29776,New York Community Bank,2009-12-04,10155
First Security National Bank,Norcross,Georgia,26290,State Bank and Trust Company,2009-12-04,10157
The Tattnall Bank,Reidsville,Georgia,12080,Heritage Bank of the South,2009-12-04,10153
Benchmark Bank,Aurora,Illinois,10440,"MB Financial Bank, N.A.",2009-12-04,10154
The Buckhead Community Bank,Atlanta,Georgia,34663,State Bank and Trust Company,2009-12-04,10152
SolutionsBank,Overland Park,Kansas,4731,Arvest Bank,2009-12-11,10160
"Republic Federal Bank, N.A.",Miami,Florida,22846,1st United Bank,2009-12-11,10158
"Valley Capital Bank, N.A.",Mesa,Arizona,58399,Enterprise Bank & Trust,2009-12-11,10159
Imperial Capital Bank,La Jolla,California,26348,City National Bank,2009-12-18,10161
Citizens State Bank,New Baltimore,Michigan,1006,No Acquirer,2009-12-18,10162
New South Federal Savings Bank,Irondale,Alabama,32276,Beal Bank,2009-12-18,10163
RockBridge Commercial Bank,Atlanta,Georgia,58315,No Acquirer,2009-12-18,10164
Peoples First Community Bank,Panama City,Florida,32167,Hancock Bank,2009-12-18,10165
Independent Bankers' Bank,Springfield,Illinois,26820,The Independent BankersBank (TIB),2009-12-18,10166
"First Federal Bank of California, F.S.B.",Santa Monica,California,28536,"OneWest Bank, FSB",2009-12-18,10167
Horizon Bank,Bellingham,Washington,22977,Washington Federal Savings and Loan Association,2010-01-08,10168
St. Stephen State Bank,St. Stephen,Minnesota,17522,First State Bank of St. Joseph,2010-01-15,10169
Town Community Bank and Trust,Antioch,Illinois,34705,First American Bank,2010-01-15,10170
Barnes Banking Company,Kaysville,Utah,1252,No Acquirer,2010-01-15,10171
Columbia River Bank,The Dalles,Oregon,22469,Columbia State Bank,2010-01-22,10176
Charter Bank,Santa Fe,New Mexico,32498,Charter Bank,2010-01-22,10175
Evergreen Bank,Seattle,Washington,20501,Umpqua Bank,2010-01-22,10172
Bank of Leeton,Leeton,Missouri,8265,"Sunflower Bank, N.A.",2010-01-22,10174
Premier American Bank,Miami,Florida,57147,"Premier American Bank, N.A.",2010-01-22,10173
First Regional Bank,Los Angeles,California,23011,First-Citizens Bank & Trust Company,2010-01-29,10177
American Marine Bank,Bainbridge Island,Washington,16730,Columbia State Bank,2010-01-29,10178
First National Bank of Georgia,Carrollton,Georgia,16480,Community & Southern Bank,2010-01-29,10179
Community Bank & Trust,Cornelia,Georgia,5702,SCBT National Association,2010-01-29,10180
Florida Community Bank,Immokalee,Florida,5672,"Premier American Bank, N.A.",2010-01-29,10181
"Marshall Bank, N.A.",Hallock,Minnesota,16133,United Valley Bank,2010-01-29,10182
1st American State Bank of Minnesota,Hancock,Minnesota,15448,"Community Development Bank, FSB",2010-02-05,10183
George Washington Savings Bank,Orland Park,Illinois,29952,"FirstMerit Bank, N.A.",2010-02-19,10184
"La Jolla Bank, FSB",La Jolla,California,32423,"OneWest Bank, FSB",2010-02-19,10185
The La Coste National Bank,La Coste,Texas,3287,Community National Bank,2010-02-19,10186
Marco Community Bank,Marco Island,Florida,57586,Mutual of Omaha Bank,2010-02-19,10187
Rainier Pacific Bank,Tacoma,Washington,38129,Umpqua Bank,2010-02-26,10189
Carson River Community Bank,Carson City,Nevada,58352,Heritage Bank of Nevada,2010-02-26,10188
Centennial Bank,Ogden,Utah,34430,No Acquirer,2010-03-05,10193
Sun American Bank,Boca Raton,Florida,27126,First-Citizens Bank & Trust Company,2010-03-05,10192
Waterfield Bank,Germantown,Maryland,34976,No Acquirer,2010-03-05,10190
Bank of Illinois,Normal,Illinois,9268,Heartland Bank and Trust Company,2010-03-05,10191
LibertyPointe Bank,New York,New York,58071,Valley National Bank,2010-03-11,10194
The Park Avenue Bank,New York,New York,27096,Valley National Bank,2010-03-12,10195
Statewide Bank,Covington,Louisiana,29561,Home Bank,2010-03-12,10196
Old Southern Bank,Orlando,Florida,58182,Centennial Bank,2010-03-12,10197
First Lowndes Bank,Fort Deposit,Alabama,24957,First Citizens Bank,2010-03-19,10204
State Bank of Aurora,Aurora,Minnesota,8221,Northern State Bank,2010-03-19,10203
Bank of Hiawassee,Hiawassee,Georgia,10054,Citizens South Bank,2010-03-19,10202
Advanta Bank Corp.,Draper,Utah,33535,No Acquirer,2010-03-19,10200
Appalachian Community Bank,Ellijay,Georgia,33989,Community & Southern Bank,2010-03-19,10199
Century Security Bank,Duluth,Georgia,58104,Bank of Upson,2010-03-19,10198
American National Bank,Parma,Ohio,18806,The National Bank and Trust Company,2010-03-19,10201
Desert Hills Bank,Phoenix,Arizona,57060,New York Community Bank,2010-03-26,10205
Key West Bank,Key West,Florida,34684,Centennial Bank,2010-03-26,10206
McIntosh Commercial Bank,Carrollton,Georgia,57399,CharterBank,2010-03-26,10207
Unity National Bank,Cartersville,Georgia,34678,Bank of the Ozarks,2010-03-26,10208
Beach First National Bank,Myrtle Beach,South Carolina,34242,Bank of North Carolina,2010-04-09,10209
Riverside National Bank of Florida,Fort Pierce,Florida,24067,"TD Bank, N.A.",2010-04-16,10216
Tamalpais Bank,San Rafael,California,33493,"Union Bank, N.A.",2010-04-16,10217
Lakeside Community Bank,Sterling Heights,Michigan,34878,No Acquirer,2010-04-16,10215
AmericanFirst Bank,Clermont,Florida,57724,"TD Bank, N.A.",2010-04-16,10210
First Federal Bank of North Florida,Palatka,Florida,28886,"TD Bank, N.A.",2010-04-16,10213
City Bank,Lynnwood,Washington,21521,Whidbey Island Bank,2010-04-16,10212
Butler Bank,Lowell,Massachusetts,26619,People's United Bank,2010-04-16,10211
Innovative Bank,Oakland,California,23876,Center Bank,2010-04-16,10214
"Amcore Bank, National Association",Rockford,Illinois,3735,Harris N.A.,2010-04-23,10218
Broadway Bank,Chicago,Illinois,22853,"MB Financial Bank, N.A.",2010-04-23,10219
Citizens Bank and Trust Company of Chicago,Chicago,Illinois,34658,Republic Bank of Chicago,2010-04-23,10220
Lincoln Park Savings Bank,Chicago,Illinois,30600,Northbrook Bank & Trust Company,2010-04-23,10221
New Century Bank,Chicago,Illinois,34821,"MB Financial Bank, N.A.",2010-04-23,10222
Peotone Bank and Trust Company,Peotone,Illinois,10888,First Midwest Bank,2010-04-23,10223
Wheatland Bank,Naperville,Illinois,58429,Wheaton Bank & Trust,2010-04-23,10224
Westernbank Puerto Rico,Mayaguez,Puerto Rico,31027,Banco Popular de Puerto Rico,2010-04-30,10231
R-G Premier Bank of Puerto Rico,Hato Rey,Puerto Rico,32185,Scotiabank de Puerto Rico,2010-04-30,10230
Eurobank,San Juan,Puerto Rico,27150,Oriental Bank and Trust,2010-04-30,10229
Champion Bank,Creve Coeur,Missouri,58362,BankLiberty,2010-04-30,10227
CF Bancorp,Port Huron,Michigan,30005,First Michigan Bank,2010-04-30,10226
BC National Banks,Butler,Missouri,17792,Community First Bank,2010-04-30,10225
Frontier Bank,Everett,Washington,22710,"Union Bank, N.A.",2010-04-30,10228
1st Pacific Bank of California,San Diego,California,35517,City National Bank,2010-05-07,10232
Access Bank,Champlin,Minnesota,16476,PrinsBank,2010-05-07,10233
The Bank of Bonifay,Bonifay,Florida,14246,First Federal Bank of Florida,2010-05-07,10234
Towne Bank of Arizona,Mesa,Arizona,57697,Commerce Bank of Arizona,2010-05-07,10235
Southwest Community Bank,Springfield,Missouri,34255,Simmons First National Bank,2010-05-14,10239
Satilla Community Bank,Saint Marys,Georgia,35114,Ameris Bank,2010-05-14,10238
Midwest Bank and Trust Company,Elmwood Park,Illinois,18117,"FirstMerit Bank, N.A.",2010-05-14,10236
New Liberty Bank,Plymouth,Michigan,35586,Bank of Ann Arbor,2010-05-14,10237
Pinehurst Bank,Saint Paul,Minnesota,57735,Coulee Bank,2010-05-21,10240
Bank of Florida - Southeast,Fort Lauderdale,Florida,57360,EverBank,2010-05-28,10241
Bank of Florida - Southwest,Naples,Florida,35106,EverBank,2010-05-28,10242
Bank of Florida - Tampa,Tampa,Florida,57814,EverBank,2010-05-28,10243
"Granite Community Bank, NA",Granite Bay,California,57315,Tri Counties Bank,2010-05-28,10244
Sun West Bank,Las Vegas,Nevada,34785,City National Bank,2010-05-28,10245
TierOne Bank,Lincoln,Nebraska,29341,Great Western Bank,2010-06-04,10248
Arcola Homestead Savings Bank,Arcola,Illinois,31813,No Acquirer,2010-06-04,10246
First National Bank,Rosedale,Mississippi,15814,The Jefferson Bank,2010-06-04,10247
Washington First International Bank,Seattle,Washington,32955,East West Bank,2010-06-11,10249
Nevada Security Bank,Reno,Nevada,57110,Umpqua Bank,2010-06-18,10250
First National Bank,Savannah,Georgia,34152,"The Savannah Bank, N.A.",2010-06-25,10251
High Desert State Bank,Albuquerque,New Mexico,35279,First American Bank,2010-06-25,10252
Peninsula Bank,Englewood,Florida,26563,"Premier American Bank, N.A.",2010-06-25,10253
USA Bank,Port Chester,New York,58072,New Century Bank,2010-07-09,10254
Bay National Bank,Baltimore,Maryland,35462,"Bay Bank, FSB",2010-07-09,10255
Home National Bank,Blackwell,Oklahoma,11636,RCB Bank,2010-07-09,10256
Ideal Federal Savings Bank,Baltimore,Maryland,32456,No Acquirer,2010-07-09,10257
"Mainstreet Savings Bank, FSB",Hastings,Michigan,28136,Commercial Bank,2010-07-16,10258
Metro Bank of Dade County,Miami,Florida,25172,NAFH National Bank,2010-07-16,10259
Olde Cypress Community Bank,Clewiston,Florida,28864,"CenterState Bank of Florida, N.A.",2010-07-16,10260
Turnberry Bank,Aventura,Florida,32280,NAFH National Bank,2010-07-16,10261
Woodlands Bank,Bluffton,South Carolina,32571,Bank of the Ozarks,2010-07-16,10262
First National Bank of the South,Spartanburg,South Carolina,35383,NAFH National Bank,2010-07-16,10263
Crescent Bank and Trust Company,Jasper,Georgia,27559,Renasant Bank,2010-07-23,10265
Williamsburg First National Bank,Kingstree,South Carolina,17837,"First Citizens Bank and Trust Company, Inc.",2010-07-23,10270
Thunder Bank,Sylvan Grove,Kansas,10506,The Bennington State Bank,2010-07-23,10269
Community Security Bank,New Prague,Minnesota,34486,Roundbank,2010-07-23,10264
SouthwestUSA Bank,Las Vegas,Nevada,35434,Plaza Bank,2010-07-23,10267
Sterling Bank,Lantana,Florida,32536,IBERIABANK,2010-07-23,10268
Home Valley Bank,Cave Junction,Oregon,23181,South Valley Bank & Trust,2010-07-23,10266
Bayside Savings Bank,Port Saint Joe,Florida,57669,Centennial Bank,2010-07-30,10271
Coastal Community Bank,Panama City Beach,Florida,9619,Centennial Bank,2010-07-30,10272
LibertyBank,Eugene,Oregon,31964,Home Federal Bank,2010-07-30,10273
Northwest Bank & Trust,Acworth,Georgia,57658,State Bank and Trust Company,2010-07-30,10274
The Cowlitz Bank,Longview,Washington,22643,Heritage Bank,2010-07-30,10275
Ravenswood Bank,Chicago,Illinois,34231,Northbrook Bank & Trust Company,2010-08-06,10276
Palos Bank and Trust Company,Palos Heights,Illinois,17599,First Midwest Bank,2010-08-13,10277
Sonoma Valley Bank,Sonoma,California,27259,Westamerica Bank,2010-08-20,10285
Butte Community Bank,Chico,California,33219,"Rabobank, N.A.",2010-08-20,10278
Community National Bank at Bartow,Bartow,Florida,25266,"CenterState Bank of Florida, N.A.",2010-08-20,10279
Imperial Savings and Loan Association,Martinsville,Virginia,31623,"River Community Bank, N.A.",2010-08-20,10280
Independent National Bank,Ocala,Florida,27344,"CenterState Bank of Florida, N.A.",2010-08-20,10281
Los Padres Bank,Solvang,California,32165,Pacific Western Bank,2010-08-20,10282
Pacific State Bank,Stockton,California,27090,"Rabobank, N.A.",2010-08-20,10283
ShoreBank,Chicago,Illinois,15640,Urban Partnership Bank,2010-08-20,10284
Horizon Bank,Bradenton,Florida,35061,Bank of the Ozarks,2010-09-10,10286
Bramble Savings Bank,Milford,Ohio,27808,Foundation Bank,2010-09-17,10288
First Commerce Community Bank,Douglasville,Georgia,57448,Community & Southern Bank,2010-09-17,10289
ISN Bank,Cherry Hill,New Jersey,57107,Customers Bank,2010-09-17,10290
Maritime Savings Bank,West Allis,Wisconsin,28612,"North Shore Bank, FSB",2010-09-17,10291
The Peoples Bank,Winder,Georgia,182,Community & Southern Bank,2010-09-17,10292
Bank of Ellijay,Ellijay,Georgia,58197,Community & Southern Bank,2010-09-17,10287
Haven Trust Bank Florida,Ponte Vedra Beach,Florida,58308,First Southern Bank,2010-09-24,10293
North County Bank,Arlington,Washington,35053,Whidbey Island Bank,2010-09-24,10294
Shoreline Bank,Shoreline,Washington,35250,GBC International Bank,2010-10-01,10295
Wakulla Bank,Crawfordville,Florida,21777,Centennial Bank,2010-10-01,10296
Premier Bank,Jefferson City,Missouri,34016,Providence Bank,2010-10-15,10297
"Security Savings Bank, F.S.B.",Olathe,Kansas,30898,Simmons First National Bank,2010-10-15,10298
WestBridge Bank and Trust Company,Chesterfield,Missouri,58205,Midland States Bank,2010-10-15,10299
"First Arizona Savings, A FSB",Scottsdale,Arizona,32582,No Acquirer,2010-10-22,10306
The Gordon Bank,Gordon,Georgia,33904,Morris Bank,2010-10-22,10305
The First National Bank of Barnesville,Barnesville,Georgia,2119,United Bank,2010-10-22,10304
First Suburban National Bank,Maywood,Illinois,16089,Seaway Bank and Trust Company,2010-10-22,10301
Hillcrest Bank,Overland Park,Kansas,22173,"Hillcrest Bank, N.A.",2010-10-22,10302
First Bank of Jacksonville,Jacksonville,Florida,27573,Ameris Bank,2010-10-22,10300
Progress Bank of Florida,Tampa,Florida,32251,Bay Cities Bank,2010-10-22,10303
First Vietnamese American Bank,Westminster,California,57885,Grandpoint Bank,2010-11-05,10307
K Bank,Randallstown,Maryland,31263,Manufacturers and Traders Trust Company (M&T Bank),2010-11-05,10308
Pierce Commercial Bank,Tacoma,Washington,34411,Heritage Bank,2010-11-05,10309
Western Commercial Bank,Woodland Hills,California,58087,First California Bank,2010-11-05,10310
Tifton Banking Company,Tifton,Georgia,57831,Ameris Bank,2010-11-12,10313
Copper Star Bank,Scottsdale,Arizona,35463,"Stearns Bank, N.A.",2010-11-12,10311
Darby Bank & Trust Co.,Vidalia,Georgia,14580,Ameris Bank,2010-11-12,10312
Allegiance Bank of North America,Bala Cynwyd,Pennsylvania,35078,VIST Bank,2010-11-19,10314
First Banking Center,Burlington,Wisconsin,5287,First Michigan Bank,2010-11-19,10315
Gulf State Community Bank,Carrabelle,Florida,20340,Centennial Bank,2010-11-19,10316
Earthstar Bank,Southampton,Pennsylvania,35561,Polonia Bank,2010-12-10,10317
Paramount Bank,Farmington Hills,Michigan,34673,Level One Bank,2010-12-10,10318
"The Bank of Miami, N.A.",Coral Gables,Florida,19040,1st United Bank,2010-12-17,10324
"United Americas Bank, N.A.",Atlanta,Georgia,35065,State Bank and Trust Company,2010-12-17,10323
"Appalachian Community Bank, FSB",McCaysville,Georgia,58495,Peoples Bank of East Tennessee,2010-12-17,10319
Community National Bank,Lino Lakes,Minnesota,23306,Farmers & Merchants Savings Bank,2010-12-17,10321
Chestatee State Bank,Dawsonville,Georgia,34578,Bank of the Ozarks,2010-12-17,10320
First Southern Bank,Batesville,Arkansas,58052,Southern Bank,2010-12-17,10322
First Commercial Bank of Florida,Orlando,Florida,34965,First Southern Bank,2011-01-07,10325
Legacy Bank,Scottsdale,Arizona,57820,Enterprise Bank & Trust,2011-01-07,10326
Oglethorpe Bank,Brunswick,Georgia,57440,Bank of the Ozarks,2011-01-14,10327
CommunitySouth Bank and Trust,Easley,South Carolina,57868,"CertusBank, National Association",2011-01-21,10328
Enterprise Banking Company,McDonough,Georgia,19758,No Acquirer,2011-01-21,10329
The Bank of Asheville,Asheville,North Carolina,34516,First Bank,2011-01-21,10330
United Western Bank,Denver,Colorado,31293,First-Citizens Bank & Trust Company,2011-01-21,10331
FirsTier Bank,Louisville,Colorado,57646,No Acquirer,2011-01-28,10334
The First State Bank,Camargo,Oklahoma,2303,Bank 7,2011-01-28,10335
First Community Bank,Taos,New Mexico,12261,"U.S. Bank, N.A.",2011-01-28,10333
Evergreen State Bank,Stoughton,Wisconsin,5328,McFarland State Bank,2011-01-28,10332
North Georgia Bank,Watkinsville,Georgia,35242,BankSouth,2011-02-04,10338
Community First Bank - Chicago,Chicago,Illinois,57948,Northbrook Bank & Trust Company,2011-02-04,10337
American Trust Bank,Roswell,Georgia,57432,Renasant Bank,2011-02-04,10336
Badger State Bank,Cassville,Wisconsin,13272,Royal Bank,2011-02-11,10339
Canyon National Bank,Palm Springs,California,34692,Pacific Premier Bank,2011-02-11,10340
Peoples State Bank,Hamtramck,Michigan,14939,First Michigan Bank,2011-02-11,10341
Sunshine State Community Bank,Port Orange,Florida,35478,"Premier American Bank, N.A.",2011-02-11,10342
Charter Oak Bank,Napa,California,57855,Bank of Marin,2011-02-18,10343
Citizens Bank of Effingham,Springfield,Georgia,34601,Heritage Bank of the South,2011-02-18,10344
Habersham Bank,Clarkesville,Georgia,151,SCBT National Association,2011-02-18,10345
"San Luis Trust Bank, FSB",San Luis Obispo,California,34783,First California Bank,2011-02-18,10346
Valley Community Bank,St. Charles,Illinois,34187,First State Bank,2011-02-25,10347
Legacy Bank,Milwaukee,Wisconsin,34818,Seaway Bank and Trust Company,2011-03-11,10348
First National Bank of Davis,Davis,Oklahoma,4077,The Pauls Valley National Bank,2011-03-11,10349
The Bank of Commerce,Wood Dale,Illinois,34292,Advantage National Bank Group,2011-03-25,10350
Western Springs National Bank and Trust,Western Springs,Illinois,10086,Heartland Bank and Trust Company,2011-04-08,10352
Nevada Commerce Bank,Las Vegas,Nevada,35418,City National Bank,2011-04-08,10351
Bartow County Bank,Cartersville,Georgia,21495,Hamilton State Bank,2011-04-15,10353
Superior Bank,Birmingham,Alabama,17750,"Superior Bank, National Association",2011-04-15,10358
Rosemount National Bank,Rosemount,Minnesota,24099,Central Bank,2011-04-15,10357
Heritage Banking Group,Carthage,Mississippi,14273,Trustmark National Bank,2011-04-15,10354
New Horizons Bank,East Ellijay,Georgia,57705,Citizens South Bank,2011-04-15,10355
Nexity Bank,Birmingham,Alabama,19794,AloStar Bank of Commerce,2011-04-15,10356
Community Central Bank,Mount Clemens,Michigan,34234,Talmer Bank & Trust,2011-04-29,10359
Cortez Community Bank,Brooksville,Florida,57625,"Florida Community Bank, a division of Premier American Bank, N.A.",2011-04-29,10360
First National Bank of Central Florida,Winter Park,Florida,26297,"Florida Community Bank, a division of Premier American Bank, N.A.",2011-04-29,10362
The Park Avenue Bank,Valdosta,Georgia,19797,Bank of the Ozarks,2011-04-29,10363
First Choice Community Bank,Dallas,Georgia,58539,Bank of the Ozarks,2011-04-29,10361
Coastal Bank,Cocoa Beach,Florida,34898,"Florida Community Bank, a division of Premier American Bank, N.A.",2011-05-06,10364
Atlantic Southern Bank,Macon,Georgia,57213,"CertusBank, National Association",2011-05-20,10365
First Georgia Banking Company,Franklin,Georgia,57647,"CertusBank, National Association",2011-05-20,10366
Summit Bank,Burlington,Washington,513,Columbia State Bank,2011-05-20,10367
First Heritage Bank,Snohomish,Washington,23626,Columbia State Bank,2011-05-27,10368
Atlantic Bank and Trust,Charleston,South Carolina,58420,"First Citizens Bank and Trust Company, Inc.",2011-06-03,10369
First Commercial Bank of Tampa Bay,Tampa,Florida,27583,Stonegate Bank,2011-06-17,10370
McIntosh State Bank,Jackson,Georgia,19237,Hamilton State Bank,2011-06-17,10371
Mountain Heritage Bank,Clayton,Georgia,57593,First American Bank and Trust Company,2011-06-24,10372
First Chicago Bank & Trust,Chicago,Illinois,27935,Northbrook Bank & Trust Company,2011-07-08,10374
Signature Bank,Windsor,Colorado,57835,Points West Community Bank,2011-07-08,10375
Colorado Capital Bank,Castle Rock,Colorado,34522,First-Citizens Bank & Trust Company,2011-07-08,10373
First Peoples Bank,Port St. Lucie,Florida,34870,"Premier American Bank, N.A.",2011-07-15,10376
High Trust Bank,Stockbridge,Georgia,19554,Ameris Bank,2011-07-15,10377
One Georgia Bank,Atlanta,Georgia,58238,Ameris Bank,2011-07-15,10378
Summit Bank,Prescott,Arizona,57442,The Foothills Bank,2011-07-15,10379
LandMark Bank of Florida,Sarasota,Florida,35244,American Momentum Bank,2011-07-22,10381
Southshore Community Bank,Apollo Beach,Florida,58056,American Momentum Bank,2011-07-22,10382
Bank of Choice,Greeley,Colorado,2994,"Bank Midwest, N.A.",2011-07-22,10380
"BankMeridian, N.A.",Columbia,South Carolina,58222,SCBT National Association,2011-07-29,10383
Integra Bank National Association,Evansville,Indiana,4392,Old National Bank,2011-07-29,10384
Virginia Business Bank,Richmond,Virginia,58283,Xenith Bank,2011-07-29,10385
Bank of Shorewood,Shorewood,Illinois,22637,Heartland Bank and Trust Company,2011-08-05,10386
Bank of Whitman,Colfax,Washington,22528,Columbia State Bank,2011-08-05,10387
The First National Bank of Olathe,Olathe,Kansas,4744,Enterprise Bank & Trust,2011-08-12,10388
Public Savings Bank,Huntingdon Valley,Pennsylvania,34130,"Capital Bank, N.A.",2011-08-18,10389
First Southern National Bank,Statesboro,Georgia,57239,Heritage Bank of the South,2011-08-19,10391
Lydian Private Bank,Palm Beach,Florida,35356,"Sabadell United Bank, N.A.",2011-08-19,10392
First Choice Bank,Geneva,Illinois,57212,Inland Bank & Trust,2011-08-19,10390
CreekSide Bank,Woodstock,Georgia,58226,Georgia Commerce Bank,2011-09-02,10393
Patriot Bank of Georgia,Cumming,Georgia,58273,Georgia Commerce Bank,2011-09-02,10394
The First National Bank of Florida,Milton,Florida,25155,CharterBank,2011-09-09,10395
Bank of the Commonwealth,Norfolk,Virginia,20408,Southern Bank and Trust Company,2011-09-23,10396
Citizens Bank of Northern California,Nevada City,California,33983,Tri Counties Bank,2011-09-23,10397
First International Bank,Plano,Texas,33513,American First National Bank,2011-09-30,10398
The RiverBank,Wyoming,Minnesota,10216,Central Bank,2011-10-07,10399
Sun Security Bank,Ellington,Missouri,20115,Great Southern Bank,2011-10-07,10400
"Blue Ridge Savings Bank, Inc.",Asheville,North Carolina,32347,Bank of North Carolina,2011-10-14,10401
Country Bank,Aledo,Illinois,35395,Blackhawk Bank & Trust,2011-10-14,10402
First State Bank,Cranford,New Jersey,58046,Northfield Bank,2011-10-14,10403
Piedmont Community Bank,Gray,Georgia,57256,State Bank and Trust Company,2011-10-14,10404
Old Harbor Bank,Clearwater,Florida,57537,1st United Bank,2011-10-21,10408
Decatur First Bank,Decatur,Georgia,34392,Fidelity Bank,2011-10-21,10407
Community Banks of Colorado,Greenwood Village,Colorado,21132,"Bank Midwest, N.A.",2011-10-21,10405
Community Capital Bank,Jonesboro,Georgia,57036,State Bank and Trust Company,2011-10-21,10406
All American Bank,Des Plaines,Illinois,57759,International Bank of Chicago,2011-10-28,10409
"Mid City Bank, Inc.",Omaha,Nebraska,19397,Premier Bank,2011-11-04,10410
SunFirst Bank,Saint George,Utah,57087,Cache Valley Bank,2011-11-04,10411
Community Bank of Rockmart,Rockmart,Georgia,57860,Century Bank of Georgia,2011-11-10,10412
Central Progressive Bank,Lacombe,Louisiana,19657,First NBC Bank,2011-11-18,10413
Polk County Bank,Johnston,Iowa,14194,Grinnell State Bank,2011-11-18,10414
Premier Community Bank of the Emerald Coast,Crestview,Florida,58343,Summit Bank,2011-12-16,10415
Western National Bank,Phoenix,Arizona,57917,Washington Federal,2011-12-16,10416
American Eagle Savings Bank,Boothwyn,Pennsylvania,31581,"Capital Bank, N.A.",2012-01-20,10417
Central Florida State Bank,Belleview,Florida,57186,"CenterState Bank of Florida, N.A.",2012-01-20,10418
The First State Bank,Stockbridge,Georgia,19252,Hamilton State Bank,2012-01-20,10419
Tennessee Commerce Bank,Franklin,Tennessee,35296,Republic Bank & Trust Company,2012-01-27,10423
BankEast,Knoxville,Tennessee,19869,"U.S. Bank, N.A.",2012-01-27,10420
First Guaranty Bank and Trust Company of Jacksonville,Jacksonville,Florida,16579,"CenterState Bank of Florida, N.A.",2012-01-27,10421
Patriot Bank Minnesota,Forest Lake,Minnesota,34823,First Resource Bank,2012-01-27,10422
SCB Bank,Shelbyville,Indiana,29761,"First Merchants Bank, National Association",2012-02-10,10425
Charter National Bank and Trust,Hoffman Estates,Illinois,23187,"Barrington Bank & Trust Company, National Association",2012-02-10,10424
Central Bank of Georgia,Ellaville,Georgia,5687,Ameris Bank,2012-02-24,10426
Home Savings of America,Little Falls,Minnesota,29178,No Acquirer,2012-02-24,10427
Global Commerce Bank,Doraville,Georgia,34046,Metro City Bank,2012-03-02,10428
New City Bank,Chicago,Illinois,57597,No Acquirer,2012-03-09,10429
Covenant Bank & Trust,Rock Spring,Georgia,58068,"Stearns Bank, N.A.",2012-03-23,10430
Premier Bank,Wilmette,Illinois,35419,International Bank of Chicago,2012-03-23,10431
Fidelity Bank,Dearborn,Michigan,33883,The Huntington National Bank,2012-03-30,10432
"Fort Lee Federal Savings Bank, FSB",Fort Lee,New Jersey,35527,Alma Bank,2012-04-20,10433
Plantation Federal Bank,Pawleys Island,South Carolina,32503,First Federal Bank,2012-04-27,10438
Palm Desert National Bank,Palm Desert,California,23632,Pacific Premier Bank,2012-04-27,10437
Bank of the Eastern Shore,Cambridge,Maryland,26759,No Acquirer,2012-04-27,10434
HarVest Bank of Maryland,Gaithersburg,Maryland,57766,Sonabank,2012-04-27,10435
"Inter Savings Bank, fsb D/B/A InterBank, fsb",Maple Grove,Minnesota,31495,Great Southern Bank,2012-04-27,10436
"Security Bank, National Association",North Lauderdale,Florida,23156,Banesco USA,2012-05-04,10439
"Alabama Trust Bank, National Association",Sylacauga,Alabama,35224,Southern States Bank,2012-05-18,10440
First Capital Bank,Kingfisher,Oklahoma,416,F & M Bank,2012-06-08,10443
Waccamaw Bank,Whiteville,North Carolina,34515,First Community Bank,2012-06-08,10444
Carolina Federal Savings Bank,Charleston,South Carolina,35372,Bank of North Carolina,2012-06-08,10441
Farmers' and Traders' State Bank,Shabbona,Illinois,9257,First State Bank,2012-06-08,10442
Security Exchange Bank,Marietta,Georgia,35299,Fidelity Bank,2012-06-15,10446
The Farmers Bank of Lynchburg,Lynchburg,Tennessee,1690,Clayton Bank and Trust,2012-06-15,10447
Putnam State Bank,Palatka,Florida,27405,Harbor Community Bank,2012-06-15,10445
Montgomery Bank & Trust,Ailey,Georgia,19498,Ameris Bank,2012-07-06,10448
Glasgow Savings Bank,Glasgow,Missouri,1056,Regional Missouri Bank,2012-07-13,10449
First Cherokee State Bank,Woodstock,Georgia,32711,Community & Southern Bank,2012-07-20,10450
Georgia Trust Bank,Buford,Georgia,57847,Community & Southern Bank,2012-07-20,10451
Second Federal Savings and Loan Association of Chicago,Chicago,Illinois,27986,Hinsdale Bank & Trust Company,2012-07-20,10453
The Royal Palm Bank of Florida,Naples,Florida,57096,First National Bank of the Gulf Coast,2012-07-20,10454
Heartland Bank,Leawood,Kansas,1361,Metcalf Bank,2012-07-20,10452
Jasper Banking Company,Jasper,Georgia,16240,Stearns Bank N.A.,2012-07-27,10455
Waukegan Savings Bank,Waukegan,Illinois,28243,First Midwest Bank,2012-08-03,10456
First Commercial Bank,Bloomington,Minnesota,35246,Republic Bank & Trust Company,2012-09-07,10457
Truman Bank,St. Louis,Missouri,27316,Simmons First National Bank,2012-09-14,10458
First United Bank,Crete,Illinois,20685,"Old Plank Trail Community Bank, National Association",2012-09-28,10459
GulfSouth Private Bank,Destin,Florida,58073,SmartBank,2012-10-19,10462
Excel Bank,Sedalia,Missouri,19189,Simmons First National Bank,2012-10-19,10460
First East Side Savings Bank,Tamarac,Florida,28144,Stearns Bank N.A.,2012-10-19,10461
NOVA Bank,Berwyn,Pennsylvania,27148,No Acquirer,2012-10-26,10463
Citizens First National Bank,Princeton,Illinois,3731,Heartland Bank and Trust Company,2012-11-02,10464
Heritage Bank of Florida,Lutz,Florida,35009,Centennial Bank,2012-11-02,10465
Hometown Community Bank,Braselton,Georgia,57928,"CertusBank, National Association",2012-11-16,10466
Community Bank of the Ozarks,Sunrise Beach,Missouri,27331,Bank of Sullivan,2012-12-14,10467
Westside Community Bank,University Place,Washington,33997,Sunwest Bank,2013-01-11,10468
1st Regents Bank,Andover,Minnesota,57157,First Minnesota Bank,2013-01-18,10469
Covenant Bank,Chicago,Illinois,22476,Liberty Bank and Trust Company,2013-02-15,10470
Frontier Bank,LaGrange,Georgia,16431,HeritageBank of the South,2013-03-08,10471
Gold Canyon Bank,Gold Canyon,Arizona,58066,"First Scottsdale Bank, National Association",2013-04-05,10472
Chipola Community Bank,Marianna,Florida,58034,First Federal Bank of Florida,2013-04-19,10473
First Federal Bank,Lexington,Kentucky,29594,Your Community Bank,2013-04-19,10474
Heritage Bank of North Florida,Orange Park,Florida,26680,FirstAtlantic Bank,2013-04-19,10475
Douglas County Bank,Douglasville,Georgia,21649,Hamilton State Bank,2013-04-26,10476
Parkway Bank,Lenoir,North Carolina,57158,"CertusBank, National Association",2013-04-26,10477
Sunrise Bank,Valdosta,Georgia,58185,Synovus Bank,2013-05-10,10481
Pisgah Community Bank,Asheville,North Carolina,58701,"Capital Bank, N.A.",2013-05-10,10480
Central Arizona Bank,Scottsdale,Arizona,34527,Western State Bank,2013-05-14,10479
Banks of Wisconsin d/b/a Bank of Kenosha,Kenosha,Wisconsin,35386,"North Shore Bank, FSB",2013-05-31,10478
1st Commerce Bank,North Las Vegas,Nevada,58358,Plaza Bank,2013-06-06,10482
Mountain National Bank,Sevierville,Tennessee,34789,"First Tennessee Bank, National Association",2013-06-07,10483
First Community Bank of Southwest Florida (also operating as Community Bank of Cape Coral),Fort Myers,Florida,34943,C1 Bank,2013-08-02,10484
Bank of Wausau,Wausau,Wisconsin,35016,Nicolet National Bank,2013-08-09,10485
Community South Bank,Parsons,Tennessee,19849,"CB&S Bank, Inc.",2013-08-23,10486
Sunrise Bank of Arizona,Phoenix,Arizona,34707,"First Fidelity Bank, National Association",2013-08-23,10487
First National Bank also operating as The National Bank of El Paso,Edinburg,Texas,14318,PlainsCapital Bank,2013-09-13,10488
The Community's Bank,Bridgeport,Connecticut,57041,No Acquirer,2013-09-13,10489
Bank of Jackson County,Graceville,Florida,14794,First Federal Bank of Florida,2013-10-30,10490
"Texas Community Bank, National Association",The Woodlands,Texas,57431,"Spirit of Texas Bank, SSB",2013-12-13,10491
DuPage National Bank,West Chicago,Illinois,5732,Republic Bank of Chicago,2014-01-17,10492
The Bank of Union,El Reno,Oklahoma,17967,BancFirst,2014-01-24,10493
Syringa Bank,Boise,Idaho,34296,Sunwest Bank,2014-01-31,10494
"Millennium Bank, National Association",Sterling,Virginia,35096,WashingtonFirst Bank,2014-02-28,10495
Vantage Point Bank,Horsham,Pennsylvania,58531,First Choice Bank,2014-02-28,10496
Allendale County Bank,Fairfax,South Carolina,15062,Palmetto State Bank,2014-04-25,10497
AztecAmerica Bank,Berwyn,Illinois,57866,Republic Bank of Chicago,2014-05-16,10498
Columbia Savings Bank,Cincinnati,Ohio,32284,"United Fidelity Bank, fsb",2014-05-23,10499
Slavie Federal Savings Bank,Bel Air,Maryland,32368,"Bay Bank, FSB",2014-05-30,10500
Valley Bank,Fort Lauderdale,Florida,21793,"Landmark Bank, National Association",2014-06-20,10501
Valley Bank,Moline,Illinois,10450,Great Southern Bank,2014-06-20,10502
The Freedom State Bank,Freedom,Oklahoma,12483,Alva State Bank & Trust Company,2014-06-27,10503
Eastside Commercial Bank,Conyers,Georgia,58125,Community & Southern Bank,2014-07-18,10504
"GreenChoice Bank, fsb",Chicago,Illinois,28462,"Providence Bank, LLC",2014-07-25,10505
NBRS Financial,Rising Sun,Maryland,4862,Howard Bank,2014-10-17,10506
The National Republic Bank of Chicago,Chicago,Illinois,916,State Bank of Texas,2014-10-24,10507
"Frontier Bank, FSB D/B/A El Paseo Bank",Palm Desert,California,34738,"Bank of Southern California, N.A.",2014-11-07,10508
Northern Star Bank,Mankato,Minnesota,34983,BankVista,2014-12-19,10509
First National Bank of Crestview,Crestview,Florida,17557,First NBC Bank,2015-01-16,10510
Highland Community Bank,Chicago,Illinois,20290,"United Fidelity Bank, fsb",2015-01-23,10511
Capitol City Bank & Trust Company,Atlanta,Georgia,33938,First-Citizens Bank & Trust Company,2015-02-13,10512
Doral Bank,San Juan,Puerto Rico,32102,Banco Popular de Puerto Rico,2015-02-27,10513
Edgebrook Bank,Chicago,Illinois,57772,Republic Bank of Chicago,2015-05-08,10514
Premier Bank,Denver,Colorado,34112,"United Fidelity Bank, fsb",2015-07-10,10515
The Bank of Georgia,Peachtree City,Georgia,35259,Fidelity Bank,2015-10-02,10516
Hometown National Bank,Longview,Washington,35156,Twin City Bank,2015-10-02,10517
North Milwaukee State Bank,Milwaukee,Wisconsin,20364,First-Citizens Bank & Trust Company,2016-03-11,10518
Trust Company Bank,Memphis,Tennessee,9956,The Bank of Fayette County,2016-04-29,10519
First CornerStone Bank,King of Prussia,Pennsylvania,35312,First-Citizens Bank & Trust Company,2016-05-06,10520
The Woodbury Banking Company,Woodbury,Georgia,11297,United Bank,2016-08-19,10521
Allied Bank,Mulberry,Arkansas,91,Today's Bank,2016-09-23,10522
Harvest Community Bank,Pennsville,New Jersey,34951,First-Citizens Bank & Trust Company,2017-01-13,10523
Seaway Bank and Trust Company,Chicago,Illinois,19328,State Bank of Texas,2017-01-27,10524
Proficio Bank,Cottonwood Heights,Utah,35495,Cache Valley Bank,2017-03-03,10525
First NBC Bank,New Orleans,Louisiana,58302,Whitney Bank,2017-04-28,10526
"Guaranty Bank, (d/b/a BestBank in Georgia & Michigan)",Milwaukee,Wisconsin,30003,First-Citizens Bank & Trust Company,2017-05-05,10527
Fayette County Bank,Saint Elmo,Illinois,1802,"United Fidelity Bank, fsb",2017-05-26,10528
The Farmers and Merchants State Bank of Argonia,Argonia,Kansas,17719,Conway Bank,2017-10-13,10529
Washington Federal Bank for Savings,Chicago,Illinois,30570,Royal Savings Bank,2017-12-15,10530
The Enloe State Bank,Cooper,Texas,10716,"Legend Bank, N. A.",2019-05-31,10531
Resolute Bank,Maumee,Ohio,58317,Buckeye State Bank,2019-10-25,10533
Louisa Community Bank,Louisa,Kentucky,58112,Kentucky Farmers Bank Corporation,2019-10-25,10532
City National Bank of New Jersey,Newark,New Jersey,21111,Industrial Bank,2019-11-01,10534
Ericson State Bank,Ericson,Nebraska,18265,Farmers and Merchants Bank,2020-02-14,10535
The First State Bank,Barboursville,West Virginia,14361,"MVB Bank, Inc.",2020-04-03,10536
First City Bank of Florida,Fort Walton Beach,Florida,16748,"United Fidelity Bank, fsb",2020-10-16,10537
Almena State Bank,Almena,Kansas,15426,Equity Bank,2020-10-23,10538
Silicon Valley Bank,Santa Clara,California,24735,First–Citizens Bank & Trust Company,2023-03-10,10539
Signature Bank,New York,New York,57053,"Flagstar Bank, N.A.",2023-03-12,10540
First Republic Bank,San Francisco,California,59017,"JPMorgan Chase Bank, N.A.",2023-05-01,10543
Heartland Tri-State Bank,Elkhart,Kansas,25851,"Dream First Bank, N.A.",2023-07-28,10544
Citizens Bank,Sac City,Iowa,8758,Iowa Trust & Savings Bank,2023-11-03,10545
Republic First Bank dba Republic Bank,Philadelphia,Pennsylvania,27332,"Fulton Bank, National Association",2024-04-26,10546
The First National Bank of Lindsay,Lindsay,Oklahoma,4134,First Bank & Trust Co.,2024-10-18,10547
Pulaski Savings Bank,Chicago,Illinois,28611,Millennium Bank,2025-01-17,10548
The Santa Anna National Bank,Santa Anna,Texas,5520,Coleman County State Bank,2025-06-27,10549
Metropolitan Capital Bank & Trust,Chicago,Illinois,57488,First Independence Bank,2026-01-30,10550
Community Bank and Trust - West Georgia,LaGrange,Georgia,25796,Anchor Bank,2026-05-01,10551
